participant,min_train_loss,min_train_mae,init_src_content_weight_mean_0,trained_src_content_weight_mean_0,init_src_content_weight_mean_1,trained_src_content_weight_mean_1,init_src_content_weight_std_0,trained_src_content_weight_std_0,init_src_content_weight_std_1,trained_src_content_weight_std_1,init_att_src_edge_0,trained_att_src_edge_0,init_src_edge_weight_mean_0,trained_src_edge_weight_mean_0,init_src_edge_weight_std_0,trained_src_edge_weight_std_0,init_full_src_edge_weight_mean_0,trained_full_src_edge_weight_mean_0,init_full_src_edge_weight_std_0,trained_full_src_edge_weight_std_0,init_dst_content_weight_mean_0,trained_dst_content_weight_mean_0,init_dst_content_weight_std_0,trained_dst_content_weight_std_0,init_att_dst_edge_0,trained_att_dst_edge_0,init_dst_edge_weight_mean_0,trained_dst_edge_weight_mean_0,init_dst_edge_weight_std_0,trained_dst_edge_weight_std_0,init_full_dst_edge_weight_mean_0,trained_full_dst_edge_weight_mean_0,init_full_dst_edge_weight_std_0,trained_full_dst_edge_weight_std_0,init_att_edge_0,trained_att_edge_0,init_edge_weight_mean_0,trained_edge_weight_mean_0,init_edge_weight_std_0,trained_edge_weight_std_0,init_full_edge_weight_mean_0,trained_full_edge_weight_mean_0,init_full_edge_weight_std_0,trained_full_edge_weight_std_0,init_bias_0,trained_bias_0
1,85.24119,0.72960585,0.0549376904964447,2.5961294174194336,-0.30291521549224854,2.4977355003356934,0.7408495545387268,-2.918720006942749,1.495606541633606,-2.6130025386810303,1.0,1.0,,,,,,,,,,,,,1.0,1.0,,,,,,,,,1.0,1.0,0.007198294159024954,4.567893981933594,-1.1851938962936401,-3.465897798538208,0.007198294159024954,4.567893981933594,-1.1851938962936401,-3.465897798538208,,
2,112.58369,0.7048692,-1.1783387660980225,0.729468047618866,-0.4939139783382416,-1.2825628519058228,1.3997883796691895,-1.816917896270752,0.055380307137966156,-1.3737975358963013,1.0,1.0,,,,,,,,,,,,,1.0,1.0,,,,,,,,,1.0,1.0,-1.1349616050720215,0.02080232836306095,-0.4364270567893982,-0.10462891310453415,-1.1349616050720215,0.02080232836306095,-0.4364270567893982,-0.10462891310453415,,
3,89.73295,0.6410176,-0.4570138454437256,0.7206611037254333,-0.4377088248729706,-2.5137298107147217,-0.6853073239326477,-2.992648124694824,0.3372356593608856,-1.5732115507125854,1.0,1.0,,,,,,,,,,,,,1.0,1.0,,,,,,,,,1.0,1.0,0.18324266374111176,-1.2113808393478394,0.7473047375679016,-0.5895387530326843,0.18324266374111176,-1.2113808393478394,0.7473047375679016,-0.5895387530326843,,
4,105.82278,0.6846723,0.07435110956430435,-17.959421157836914,-0.3857567012310028,-6.75240421295166,-0.06301304697990417,-4.936274528503418,-0.7376071810722351,-5.512447357177734,1.0,1.0,,,,,,,,,,,,,1.0,1.0,,,,,,,,,1.0,1.0,1.6534303426742554,-29.152278900146484,-0.15932652354240417,-3.485305070877075,1.6534303426742554,-29.152278900146484,-0.15932652354240417,-3.485305070877075,,
5,66.36,0.5310001,0.9851623177528381,5.278794765472412,1.1080693006515503,1.097670316696167,-0.880670428276062,-2.2697410583496094,1.18208909034729,-2.2543468475341797,1.0,1.0,,,,,,,,,,,,,1.0,1.0,,,,,,,,,1.0,1.0,-1.1744344234466553,-4.924890995025635,-1.0619584321975708,-1.4819365739822388,-1.1744344234466553,-4.924890995025635,-1.0619584321975708,-1.4819365739822388,,
6,68.12521,0.54991037,0.5844430327415466,0.797877311706543,-2.847172260284424,-3.449230194091797,-0.3457055985927582,-3.100450277328491,-1.3116456270217896,-2.2600321769714355,1.0,1.0,,,,,,,,,,,,,1.0,1.0,,,,,,,,,1.0,1.0,0.12775902450084686,-0.5549266338348389,-1.3498867750167847,-1.9015882015228271,0.12775902450084686,-0.5549266338348389,-1.3498867750167847,-1.9015882015228271,,
7,50.53724,0.3509633,0.18461771309375763,10.682814598083496,0.23030565679073334,1.111890196800232,0.24951183795928955,-2.051285982131958,-0.8197765350341797,-3.8299734592437744,1.0,1.0,,,,,,,,,,,,,1.0,1.0,,,,,,,,,1.0,1.0,0.6021997332572937,3.382772922515869,-0.3507610559463501,-2.525623321533203,0.6021997332572937,3.382772922515869,-0.3507610559463501,-2.525623321533203,,
8,47.1866,0.4685834,-1.3305422067642212,2.6738545894622803,-0.5702216625213623,1.0457568168640137,0.02080422081053257,-2.5802910327911377,0.5753499865531921,-2.753998279571533,1.0,1.0,,,,,,,,,,,,,1.0,1.0,,,,,,,,,1.0,1.0,0.5069049596786499,8.078848838806152,-0.5884562730789185,-2.189584732055664,0.5069049596786499,8.078848838806152,-0.5884562730789185,-2.189584732055664,,
9,61.436962,0.5596485,0.6392871141433716,3.892615795135498,-0.1660187840461731,1.1388983726501465,-0.4347494840621948,-2.8057403564453125,-0.8191781640052795,-3.5502490997314453,1.0,1.0,,,,,,,,,,,,,1.0,1.0,,,,,,,,,1.0,1.0,-0.4960245192050934,4.91892671585083,-0.14347341656684875,-1.9913967847824097,-0.4960245192050934,4.91892671585083,-0.14347341656684875,-1.9913967847824097,,
10,109.70723,0.7789561,-0.30406028032302856,3.7450191974639893,-1.1770137548446655,2.3722822666168213,0.5864077210426331,-2.9565818309783936,-0.5034564137458801,-3.43580961227417,1.0,1.0,,,,,,,,,,,,,1.0,1.0,,,,,,,,,1.0,1.0,0.26031169295310974,3.550901174545288,1.0717291831970215,-2.467228651046753,0.26031169295310974,3.550901174545288,1.0717291831970215,-2.467228651046753,,
11,76.16848,0.60477364,2.1280300617218018,7.344450950622559,-0.7795773148536682,1.3365176916122437,0.5245383977890015,-2.3033082485198975,-0.8468988537788391,-3.5129528045654297,1.0,1.0,,,,,,,,,,,,,1.0,1.0,,,,,,,,,1.0,1.0,0.7934104204177856,2.0345780849456787,1.506273627281189,-2.3516063690185547,0.7934104204177856,2.0345780849456787,1.506273627281189,-2.3516063690185547,,
12,65.168724,0.580436,-2.828991651535034,3.160780668258667,-0.619523823261261,1.4290595054626465,0.5971118211746216,-2.3471240997314453,0.02286876179277897,-3.229734420776367,1.0,1.0,,,,,,,,,,,,,1.0,1.0,,,,,,,,,1.0,1.0,0.41731247305870056,3.7816355228424072,-1.2961822748184204,-2.912036180496216,0.41731247305870056,3.7816355228424072,-1.2961822748184204,-2.912036180496216,,
13,80.82219,0.51781267,0.11310948431491852,5.923564910888672,1.1770154237747192,1.409656286239624,-0.3517165780067444,-2.5550403594970703,-1.003603458404541,-3.861989736557007,1.0,1.0,,,,,,,,,,,,,1.0,1.0,,,,,,,,,1.0,1.0,-1.9004395008087158,5.77287483215332,-0.7673546671867371,-2.705181360244751,-1.9004395008087158,5.77287483215332,-0.7673546671867371,-2.705181360244751,,
14,50.92858,0.7232486,0.7717284560203552,1.3362367153167725,1.2780840396881104,1.1837326288223267,0.1669779270887375,-2.7916102409362793,0.7075645327568054,-2.0193276405334473,1.0,1.0,,,,,,,,,,,,,1.0,1.0,,,,,,,,,1.0,1.0,-0.19705498218536377,-0.9188937544822693,-0.45810437202453613,-1.2129464149475098,-0.19705498218536377,-0.9188937544822693,-0.45810437202453613,-1.2129464149475098,,
15,103.93789,0.89511806,1.9542919397354126,1.9336069822311401,-0.5331080555915833,1.9895001649856567,-1.2579319477081299,-3.715907573699951,-1.5000091791152954,-3.453796863555908,1.0,1.0,,,,,,,,,,,,,1.0,1.0,,,,,,,,,1.0,1.0,1.5628342628479004,4.692595481872559,0.19592097401618958,-2.7790911197662354,1.5628342628479004,4.692595481872559,0.19592097401618958,-2.7790911197662354,,
16,116.35169,0.7693942,0.41362887620925903,2.011453866958618,0.6864928603172302,1.5577219724655151,-0.24144385755062103,-3.333961248397827,-0.2793522775173187,-3.462268352508545,1.0,1.0,,,,,,,,,,,,,1.0,1.0,,,,,,,,,1.0,1.0,-0.8741632103919983,4.96883487701416,1.5068403482437134,-2.2865219116210938,-0.8741632103919983,4.96883487701416,1.5068403482437134,-2.2865219116210938,,
17,32.063427,0.31629857,-0.14132535457611084,4.291585445404053,-0.3967488408088684,1.0963479280471802,0.19175173342227936,-2.322450876235962,0.46494269371032715,-2.7170679569244385,1.0,1.0,,,,,,,,,,,,,1.0,1.0,,,,,,,,,1.0,1.0,-0.7762624025344849,5.525264263153076,-1.1923142671585083,-2.671964406967163,-0.7762624025344849,5.525264263153076,-1.1923142671585083,-2.671964406967163,,
18,99.21845,0.64760196,-0.3014092743396759,3.4851558208465576,-0.33829784393310547,1.2603845596313477,0.17927129566669464,-2.6684110164642334,-0.3623450696468353,-3.3179924488067627,1.0,1.0,,,,,,,,,,,,,1.0,1.0,,,,,,,,,1.0,1.0,-1.024814248085022,6.943514823913574,0.35710883140563965,-1.7856298685073853,-1.024814248085022,6.943514823913574,0.35710883140563965,-1.7856298685073853,,
19,96.65068,0.76194346,1.0717272758483887,2.315831422805786,0.9647212624549866,1.6575982570648193,0.47414156794548035,-2.628054618835449,0.5416026711463928,-2.5701143741607666,1.0,1.0,,,,,,,,,,,,,1.0,1.0,,,,,,,,,1.0,1.0,-0.9372168779373169,7.3491621017456055,0.3504083752632141,-1.8048509359359741,-0.9372168779373169,7.3491621017456055,0.3504083752632141,-1.8048509359359741,,
20,77.84569,0.65955204,0.2381051629781723,2.1129159927368164,0.12375926226377487,3.5952632427215576,0.7592330574989319,-2.91097354888916,-2.0253958702087402,-3.4870409965515137,1.0,1.0,,,,,,,,,,,,,1.0,1.0,,,,,,,,,1.0,1.0,0.547793984413147,4.267360687255859,-1.1195317506790161,-3.0147178173065186,0.547793984413147,4.267360687255859,-1.1195317506790161,-3.0147178173065186,,
21,113.8526,0.75070095,-0.6472923755645752,2.201563835144043,-0.7376572489738464,1.5628012418746948,-1.1494009494781494,-4.054966926574707,-1.8775743246078491,-4.443396091461182,1.0,1.0,,,,,,,,,,,,,1.0,1.0,,,,,,,,,1.0,1.0,0.2814794182777405,6.53835916519165,-0.9117738604545593,-2.6283860206604004,0.2814794182777405,6.53835916519165,-0.9117738604545593,-2.6283860206604004,,
22,103.67362,0.76583165,1.4755618572235107,2.7128894329071045,-1.4889543056488037,3.2698051929473877,0.04046260938048363,-3.610366106033325,0.25143149495124817,-3.2131879329681396,1.0,1.0,,,,,,,,,,,,,1.0,1.0,,,,,,,,,1.0,1.0,0.6568799018859863,5.0291666984558105,0.1376648247241974,-3.302722454071045,0.6568799018859863,5.0291666984558105,0.1376648247241974,-3.302722454071045,,
23,48.526745,0.61540693,1.3322465419769287,1.3104195594787598,-0.14937566220760345,0.9604397416114807,0.9360103607177734,-2.194918394088745,0.6361032128334045,-1.8266112804412842,1.0,1.0,,,,,,,,,,,,,1.0,1.0,,,,,,,,,1.0,1.0,1.30282723903656,6.472540855407715,0.8033443093299866,-1.265306830406189,1.30282723903656,6.472540855407715,0.8033443093299866,-1.265306830406189,,
24,71.527504,0.5228431,0.013997606001794338,2.614748954772949,-1.311439037322998,1.332314133644104,-0.8717588186264038,-3.23309326171875,0.44332996010780334,-2.666980266571045,1.0,1.0,,,,,,,,,,,,,1.0,1.0,,,,,,,,,1.0,1.0,-0.4093659222126007,5.695521354675293,-0.6876487731933594,-2.456589937210083,-0.4093659222126007,5.695521354675293,-0.6876487731933594,-2.456589937210083,,
25,132.45615,0.91018623,-0.0694270133972168,1.0946928262710571,-0.26174694299697876,0.5882778763771057,-0.022471711039543152,-3.1508023738861084,-0.5321851968765259,-3.191976308822632,1.0,1.0,,,,,,,,,,,,,1.0,1.0,,,,,,,,,1.0,1.0,-0.819085419178009,9.849895477294922,0.11143097281455994,-1.8571540117263794,-0.819085419178009,9.849895477294922,0.11143097281455994,-1.8571540117263794,,
26,101.62419,0.8116421,1.510696291923523,3.149646043777466,0.7775858044624329,1.5144338607788086,1.0328863859176636,-2.4110662937164307,0.22328239679336548,-2.853623628616333,1.0,1.0,,,,,,,,,,,,,1.0,1.0,,,,,,,,,1.0,1.0,-1.810611605644226,3.8071398735046387,0.35588815808296204,-1.6523168087005615,-1.810611605644226,3.8071398735046387,0.35588815808296204,-1.6523168087005615,,
27,47.212845,0.33665097,-0.6069130897521973,2.2336912155151367,1.1592875719070435,1.3251533508300781,-0.114767886698246,-2.5268747806549072,-0.3225173056125641,-2.8384480476379395,1.0,1.0,,,,,,,,,,,,,1.0,1.0,,,,,,,,,1.0,1.0,0.20401212573051453,3.206378221511841,0.2979065775871277,-2.104957103729248,0.20401212573051453,3.206378221511841,0.2979065775871277,-2.104957103729248,,
28,68.47998,0.533159,1.1790260076522827,2.7758822441101074,-0.9419410824775696,2.1747889518737793,-0.04211680218577385,-3.2832539081573486,-0.38032183051109314,-3.1661312580108643,1.0,1.0,,,,,,,,,,,,,1.0,1.0,,,,,,,,,1.0,1.0,-0.27552738785743713,4.957444667816162,-0.6316947340965271,-2.6568808555603027,-0.27552738785743713,4.957444667816162,-0.6316947340965271,-2.6568808555603027,,
29,93.127205,0.8323964,1.4280260801315308,2.161952257156372,0.0596126951277256,1.271998405456543,-0.6771576404571533,-2.845857858657837,0.9815247058868408,-2.156599521636963,1.0,1.0,,,,,,,,,,,,,1.0,1.0,,,,,,,,,1.0,1.0,0.06203902140259743,4.022362232208252,0.15286196768283844,-1.7097591161727905,0.06203902140259743,4.022362232208252,0.15286196768283844,-1.7097591161727905,,
30,160.01083,0.93647933,-0.3643833100795746,1.3698225021362305,0.615026593208313,1.3444479703903198,0.6080907583236694,-2.777740001678467,1.6717112064361572,-2.3139731884002686,1.0,1.0,,,,,,,,,,,,,1.0,1.0,,,,,,,,,1.0,1.0,-0.2745305299758911,7.74628210067749,0.05202079564332962,-1.9237107038497925,-0.2745305299758911,7.74628210067749,0.05202079564332962,-1.9237107038497925,,
31,82.88441,0.67834014,0.1526496261358261,1.6948789358139038,0.2883669137954712,1.003597617149353,-1.8810571432113647,-3.551532506942749,1.0215646028518677,-2.463024616241455,1.0,1.0,,,,,,,,,,,,,1.0,1.0,,,,,,,,,1.0,1.0,-0.8503779768943787,-25.807376861572266,-1.603606939315796,-0.22117829322814941,-0.8503779768943787,-25.807376861572266,-1.603606939315796,-0.22117829322814941,,
32,52.850605,0.53920484,1.2742979526519775,1.7016628980636597,1.112605094909668,3.4487338066101074,0.4172567129135132,-2.7876367568969727,0.5938782691955566,-2.0153987407684326,1.0,1.0,,,,,,,,,,,,,1.0,1.0,,,,,,,,,1.0,1.0,-0.7153454422950745,5.074286937713623,-0.5928454399108887,-2.2268316745758057,-0.7153454422950745,5.074286937713623,-0.5928454399108887,-2.2268316745758057,,
33,130.67795,0.8941997,-2.253126382827759,2.426539659500122,-0.24036230146884918,2.8289237022399902,-0.17923665046691895,-3.2693495750427246,-0.20948567986488342,-3.1735451221466064,1.0,1.0,,,,,,,,,,,,,1.0,1.0,,,,,,,,,1.0,1.0,-0.5834180116653442,4.275822162628174,0.14162014424800873,-2.6420364379882812,-0.5834180116653442,4.275822162628174,0.14162014424800873,-2.6420364379882812,,
34,61.62009,0.5713799,0.7432959675788879,1.7332569360733032,0.5903632640838623,1.8114498853683472,0.09625604003667831,-3.0359792709350586,-0.9233835339546204,-3.1310577392578125,1.0,1.0,,,,,,,,,,,,,1.0,1.0,,,,,,,,,1.0,1.0,-1.552630066871643,6.938095569610596,-0.8529925346374512,-2.2147955894470215,-1.552630066871643,6.938095569610596,-0.8529925346374512,-2.2147955894470215,,
35,65.40152,0.42729443,0.7422821521759033,3.7514960765838623,-1.8483006954193115,2.3825912475585938,-0.24839921295642853,-3.4640908241271973,-1.1710525751113892,-3.8733959197998047,1.0,1.0,,,,,,,,,,,,,1.0,1.0,,,,,,,,,1.0,1.0,0.7288289070129395,0.7800208330154419,-0.9388827681541443,-4.264925479888916,0.7288289070129395,0.7800208330154419,-0.9388827681541443,-4.264925479888916,,
36,125.58506,0.8670973,-0.16347727179527283,2.3031861782073975,-0.3888634443283081,2.3813788890838623,-0.7544301748275757,-4.021389484405518,-0.7317534685134888,-3.7761526107788086,1.0,1.0,,,,,,,,,,,,,1.0,1.0,,,,,,,,,1.0,1.0,-1.5147902965545654,-0.09502706676721573,-0.07593557238578796,-2.9003093242645264,-1.5147902965545654,-0.09502706676721573,-0.07593557238578796,-2.9003093242645264,,
37,60.617157,0.4703586,0.4161461889743805,2.1226608753204346,-0.9555960893630981,2.078580141067505,-0.7729967832565308,-3.8598151206970215,0.7327595949172974,-2.9745090007781982,1.0,1.0,,,,,,,,,,,,,1.0,1.0,,,,,,,,,1.0,1.0,0.67267906665802,3.2162904739379883,0.16100268065929413,-3.0715835094451904,0.67267906665802,3.2162904739379883,0.16100268065929413,-3.0715835094451904,,
38,80.57562,0.6896976,0.005434426013380289,2.988210916519165,-0.6997396349906921,2.8281939029693604,-0.6878154277801514,-3.323312520980835,1.4530822038650513,-2.415895938873291,1.0,1.0,,,,,,,,,,,,,1.0,1.0,,,,,,,,,1.0,1.0,0.29587459564208984,5.03068208694458,1.2844390869140625,-2.5467324256896973,0.29587459564208984,5.03068208694458,1.2844390869140625,-2.5467324256896973,,
39,84.35517,0.5837923,-0.6766020059585571,3.1281065940856934,0.2380683720111847,2.026909828186035,-0.06940660625696182,-3.7375705242156982,-0.24611207842826843,-3.8641340732574463,1.0,1.0,,,,,,,,,,,,,1.0,1.0,,,,,,,,,1.0,1.0,-1.0462371110916138,5.066397190093994,2.1600606441497803,-2.7578485012054443,-1.0462371110916138,5.066397190093994,2.1600606441497803,-2.7578485012054443,,
40,52.86075,0.41241446,-0.5974213480949402,4.0403289794921875,0.699479877948761,1.98514986038208,-0.10989716649055481,-2.9579954147338867,-0.24369023740291595,-3.5208849906921387,1.0,1.0,,,,,,,,,,,,,1.0,1.0,,,,,,,,,1.0,1.0,-0.389050155878067,1.0277917385101318,1.047876238822937,-2.463097095489502,-0.389050155878067,1.0277917385101318,1.047876238822937,-2.463097095489502,,
41,40.18004,0.48137394,-1.1872379779815674,1.3999686241149902,0.2402363419532776,1.8042470216751099,0.7171906232833862,-2.4525561332702637,-0.259794145822525,-1.7598669528961182,1.0,1.0,,,,,,,,,,,,,1.0,1.0,,,,,,,,,1.0,1.0,-1.2172954082489014,1.476096272468567,2.670315742492676,2.621711254119873,-1.2172954082489014,1.476096272468567,2.670315742492676,2.621711254119873,,
42,44.41049,0.45465738,0.30776113271713257,1.8675599098205566,0.5090569257736206,2.070131778717041,-1.217366337776184,-3.648813247680664,1.037887454032898,-2.315122604370117,1.0,1.0,,,,,,,,,,,,,1.0,1.0,,,,,,,,,1.0,1.0,-2.2178738117218018,3.708510637283325,0.7542216777801514,-1.543935775756836,-2.2178738117218018,3.708510637283325,0.7542216777801514,-1.543935775756836,,
43,78.810165,0.83928484,-0.13322025537490845,1.3807653188705444,0.2635931372642517,1.14501953125,1.3112919330596924,-2.2444651126861572,-0.314742773771286,-2.652327060699463,1.0,1.0,,,,,,,,,,,,,1.0,1.0,,,,,,,,,1.0,1.0,-0.3875996768474579,8.390151977539062,1.9312527179718018,-1.3880207538604736,-0.3875996768474579,8.390151977539062,1.9312527179718018,-1.3880207538604736,,
44,99.22644,0.604182,0.464468777179718,4.165874004364014,-0.3027901351451874,1.200085997581482,-0.03106405772268772,-2.520087957382202,-0.06379196792840958,-3.075678825378418,1.0,1.0,,,,,,,,,,,,,1.0,1.0,,,,,,,,,1.0,1.0,-0.5089513063430786,3.546576976776123,-0.7374646067619324,-2.7791223526000977,-0.5089513063430786,3.546576976776123,-0.7374646067619324,-2.7791223526000977,,
45,37.83525,0.24443309,1.606606364250183,0.9589298367500305,-0.49207714200019836,0.7097569704055786,0.018510151654481888,-3.3468639850616455,-0.3138582110404968,-3.4605700969696045,1.0,1.0,,,,,,,,,,,,,1.0,1.0,,,,,,,,,1.0,1.0,-0.5449895858764648,12.221144676208496,-0.7444589734077454,-1.7959277629852295,-0.5449895858764648,12.221144676208496,-0.7444589734077454,-1.7959277629852295,,
46,100.26497,0.71069163,0.7295563220977783,2.4620823860168457,-0.7063564658164978,2.055145502090454,-0.11476912349462509,-2.973877429962158,1.181376338005066,-2.2605793476104736,1.0,1.0,,,,,,,,,,,,,1.0,1.0,,,,,,,,,1.0,1.0,0.5365450382232666,6.204995155334473,-0.8483293652534485,-2.70788836479187,0.5365450382232666,6.204995155334473,-0.8483293652534485,-2.70788836479187,,
47,59.271034,0.5693791,-0.8852499723434448,1.0477098226547241,0.04704967886209488,-0.419565886259079,-0.6840785145759583,-2.98884654045105,-0.7422980070114136,-1.6949807405471802,1.0,1.0,,,,,,,,,,,,,1.0,1.0,,,,,,,,,1.0,1.0,-0.6306630373001099,4.242250442504883,-0.30798861384391785,-1.9947572946548462,-0.6306630373001099,4.242250442504883,-0.30798861384391785,-1.9947572946548462,,
48,70.459656,0.54231596,-0.0633593499660492,7.7569193840026855,0.027907712385058403,1.9351025819778442,0.447238028049469,-2.488468885421753,0.9477021098136902,-2.9826531410217285,1.0,1.0,,,,,,,,,,,,,1.0,1.0,,,,,,,,,1.0,1.0,-0.7487069368362427,3.4128754138946533,0.9656044840812683,-2.694427967071533,-0.7487069368362427,3.4128754138946533,0.9656044840812683,-2.694427967071533,,
49,62.355793,0.4928121,-1.6696244478225708,-0.24911189079284668,-0.15650784969329834,-2.8703861236572266,0.902083694934845,-2.0454864501953125,-1.463638186454773,-2.396566390991211,1.0,1.0,,,,,,,,,,,,,1.0,1.0,,,,,,,,,1.0,1.0,-0.017786478623747826,-1.1876037120819092,0.6161016225814819,-0.6942635178565979,-0.017786478623747826,-1.1876037120819092,0.6161016225814819,-0.6942635178565979,,
50,88.12131,0.8020063,0.3294331133365631,1.9060031175613403,0.12767258286476135,2.3300628662109375,-0.1017637625336647,-3.202160120010376,0.24100244045257568,-2.650595188140869,1.0,1.0,,,,,,,,,,,,,1.0,1.0,,,,,,,,,1.0,1.0,-0.05358611047267914,6.37311315536499,-0.6857808828353882,-2.1656086444854736,-0.05358611047267914,6.37311315536499,-0.6857808828353882,-2.1656086444854736,,
51,83.22945,0.55529284,-0.8552179932594299,0.7389437556266785,0.1761738657951355,-3.091031312942505,1.2372639179229736,-1.8986788988113403,-1.9576747417449951,-2.17450213432312,1.0,1.0,,,,,,,,,,,,,1.0,1.0,,,,,,,,,1.0,1.0,-1.0827277898788452,-2.3273143768310547,1.6176015138626099,0.16854692995548248,-1.0827277898788452,-2.3273143768310547,1.6176015138626099,0.16854692995548248,,
52,64.93497,0.57654905,-1.2222278118133545,0.704477846622467,-0.010387299582362175,-2.709972381591797,-0.640296459197998,-2.8007335662841797,-1.6514686346054077,-2.254926919937134,1.0,1.0,,,,,,,,,,,,,1.0,1.0,,,,,,,,,1.0,1.0,-0.262372225522995,4.479732513427734,0.7982336282730103,-1.2260551452636719,-0.262372225522995,4.479732513427734,0.7982336282730103,-1.2260551452636719,,
53,106.02237,0.7700926,0.4478113353252411,3.2703189849853516,1.0261210203170776,2.0175981521606445,0.639132559299469,-2.6017725467681885,-1.0226020812988281,-3.5656304359436035,1.0,1.0,,,,,,,,,,,,,1.0,1.0,,,,,,,,,1.0,1.0,-1.5464606285095215,3.4169278144836426,1.362627625465393,-2.1306159496307373,-1.5464606285095215,3.4169278144836426,1.362627625465393,-2.1306159496307373,,
54,195.51233,0.9772957,0.10121322423219681,0.905215322971344,-1.040171504020691,0.6998032927513123,3.412463903427124,-1.1586912870407104,-1.2753430604934692,-2.799612283706665,1.0,1.0,,,,,,,,,,,,,1.0,1.0,,,,,,,,,1.0,1.0,-1.331706166267395,-0.9085217118263245,0.32150405645370483,0.6858347058296204,-1.331706166267395,-0.9085217118263245,0.32150405645370483,0.6858347058296204,,
55,81.44031,0.50126886,-0.6693175435066223,0.6246716976165771,-0.32053500413894653,-2.8313193321228027,-0.10974301397800446,-2.5918805599212646,-0.6151537299156189,-1.717269778251648,1.0,1.0,,,,,,,,,,,,,1.0,1.0,,,,,,,,,1.0,1.0,0.292181134223938,6.153507709503174,-0.8136481642723083,-1.21126389503479,0.292181134223938,6.153507709503174,-0.8136481642723083,-1.21126389503479,,
56,97.70674,0.7532918,-0.772295355796814,1.6522516012191772,1.770734429359436,1.6583467721939087,-0.18431997299194336,-2.790489435195923,0.20219534635543823,-2.336439371109009,1.0,1.0,,,,,,,,,,,,,1.0,1.0,,,,,,,,,1.0,1.0,-1.2536183595657349,5.156144142150879,1.174851655960083,-1.665292739868164,-1.2536183595657349,5.156144142150879,1.174851655960083,-1.665292739868164,,
57,45.89898,0.43375385,-0.8172716498374939,3.7591052055358887,-1.2373403310775757,1.90829336643219,0.3618806004524231,-2.8252508640289307,-0.14069126546382904,-3.3029377460479736,1.0,1.0,,,,,,,,,,,,,1.0,1.0,,,,,,,,,1.0,1.0,-0.15411759912967682,2.2098147869110107,0.9918606281280518,-2.3478705883026123,-0.15411759912967682,2.2098147869110107,0.9918606281280518,-2.3478705883026123,,
58,83.951805,0.6928818,-1.1671812534332275,2.4293062686920166,1.0706048011779785,2.8990135192871094,-0.07019665837287903,-2.9237842559814453,0.42180389165878296,-2.379096031188965,1.0,1.0,,,,,,,,,,,,,1.0,1.0,,,,,,,,,1.0,1.0,-1.0948668718338013,3.82841157913208,-0.22046998143196106,-2.5225369930267334,-1.0948668718338013,3.82841157913208,-0.22046998143196106,-2.5225369930267334,,
59,73.492584,0.5624462,1.1175504922866821,2.220196485519409,-0.8100267052650452,3.7654170989990234,-0.8414385914802551,-4.410092830657959,-0.17079398036003113,-3.6596786975860596,1.0,1.0,,,,,,,,,,,,,1.0,1.0,,,,,,,,,1.0,1.0,-0.9938820600509644,4.689725875854492,1.1027987003326416,-3.087817430496216,-0.9938820600509644,4.689725875854492,1.1027987003326416,-3.087817430496216,,
60,51.71911,0.48553592,0.9154145121574402,2.3842613697052,0.7855339646339417,1.9379401206970215,-0.8664509057998657,-3.239124059677124,0.5708045959472656,-2.567230463027954,1.0,1.0,,,,,,,,,,,,,1.0,1.0,,,,,,,,,1.0,1.0,-0.7905691862106323,6.941090106964111,-0.6179668307304382,-1.8443810939788818,-0.7905691862106323,6.941090106964111,-0.6179668307304382,-1.8443810939788818,,
61,49.45163,0.49802327,-1.8290022611618042,0.9935879707336426,0.43703892827033997,-2.347810983657837,-0.3095228970050812,-2.3696341514587402,0.692225456237793,0.17586146295070648,1.0,1.0,,,,,,,,,,,,,1.0,1.0,,,,,,,,,1.0,1.0,-0.7923152446746826,1.9254674911499023,-0.049247175455093384,1.0005574226379395,-0.7923152446746826,1.9254674911499023,-0.049247175455093384,1.0005574226379395,,
62,71.83299,0.61047226,-2.0501959323883057,1.5501238107681274,-1.1072571277618408,2.289827823638916,0.049331650137901306,-3.250194549560547,-0.6992480158805847,-2.9527130126953125,1.0,1.0,,,,,,,,,,,,,1.0,1.0,,,,,,,,,1.0,1.0,-1.4116278886795044,6.016323566436768,0.10499081015586853,-2.1995561122894287,-1.4116278886795044,6.016323566436768,0.10499081015586853,-2.1995561122894287,,
63,89.54356,0.67701685,0.83644038438797,1.2462891340255737,-0.7306290864944458,1.2944440841674805,0.5624839663505554,-2.7554996013641357,-0.35804876685142517,-2.7859115600585938,1.0,1.0,,,,,,,,,,,,,1.0,1.0,,,,,,,,,1.0,1.0,0.2773306369781494,10.543618202209473,0.9923796653747559,-1.4379401206970215,0.2773306369781494,10.543618202209473,0.9923796653747559,-1.4379401206970215,,
64,102.55559,0.7292227,-0.6559835076332092,3.6029820442199707,1.6583807468414307,2.073357343673706,1.3631709814071655,-2.651451826095581,-0.3392093777656555,-3.3024370670318604,1.0,1.0,,,,,,,,,,,,,1.0,1.0,,,,,,,,,1.0,1.0,0.2462376207113266,2.699333429336548,-1.566706895828247,-3.3729302883148193,0.2462376207113266,2.699333429336548,-1.566706895828247,-3.3729302883148193,,
65,150.04176,0.9239304,-0.33092740178108215,3.6306512355804443,0.0432375892996788,2.84902286529541,-0.8893736600875854,-3.7409512996673584,1.3245457410812378,-3.066185474395752,1.0,1.0,,,,,,,,,,,,,1.0,1.0,,,,,,,,,1.0,1.0,-0.4182908833026886,4.316865921020508,-1.1176328659057617,-3.9795289039611816,-0.4182908833026886,4.316865921020508,-1.1176328659057617,-3.9795289039611816,,
66,57.731224,0.5048875,0.7038367390632629,1.5113790035247803,0.8944008350372314,0.9889390468597412,-0.6739803552627563,-3.177924871444702,0.8438283801078796,-2.3517653942108154,1.0,1.0,,,,,,,,,,,,,1.0,1.0,,,,,,,,,1.0,1.0,0.9776946902275085,5.036754131317139,0.3511921763420105,-1.7084282636642456,0.9776946902275085,5.036754131317139,0.3511921763420105,-1.7084282636642456,,
67,72.335686,0.5326656,0.07915277779102325,4.188124179840088,2.2840511798858643,1.4577473402023315,-1.3594062328338623,-2.805619239807129,0.47734546661376953,-2.720247507095337,1.0,1.0,,,,,,,,,,,,,1.0,1.0,,,,,,,,,1.0,1.0,0.833696722984314,6.667730331420898,1.9134267568588257,-1.9337000846862793,0.833696722984314,6.667730331420898,1.9134267568588257,-1.9337000846862793,,
68,117.852776,0.8214904,2.4818501472473145,6.094574451446533,-0.6005978584289551,1.9406874179840088,0.7403977513313293,-2.2763664722442627,0.3314718008041382,-2.944213390350342,1.0,1.0,,,,,,,,,,,,,1.0,1.0,,,,,,,,,1.0,1.0,1.6422605514526367,0.9818782210350037,-1.2265396118164062,-3.5273189544677734,1.6422605514526367,0.9818782210350037,-1.2265396118164062,-3.5273189544677734,,
69,56.953163,0.44226006,-0.7377281785011292,1.1708276271820068,0.08319831639528275,0.3203504979610443,-0.43354374170303345,-3.0832087993621826,-2.5414974689483643,-3.2251174449920654,1.0,1.0,,,,,,,,,,,,,1.0,1.0,,,,,,,,,1.0,1.0,-0.544736921787262,9.93600845336914,0.14912672340869904,-1.5533347129821777,-0.544736921787262,9.93600845336914,0.14912672340869904,-1.5533347129821777,,
70,115.61072,0.77402943,1.6723201274871826,1.1953654289245605,-0.14420834183692932,1.24351167678833,0.7654125094413757,-2.6493139266967773,-0.8181264996528625,-2.580568552017212,1.0,1.0,,,,,,,,,,,,,1.0,1.0,,,,,,,,,1.0,1.0,-0.756723940372467,7.833128452301025,1.1999056339263916,-1.5347356796264648,-0.756723940372467,7.833128452301025,1.1999056339263916,-1.5347356796264648,,
71,44.472725,0.43365154,1.3940459489822388,1.253137469291687,1.108170986175537,1.3838282823562622,2.8169806003570557,-1.229566216468811,-0.3751157820224762,-1.0952659845352173,1.0,1.0,,,,,,,,,,,,,1.0,1.0,,,,,,,,,1.0,1.0,1.182945966720581,5.476001739501953,1.7663054466247559,0.15273824334144592,1.182945966720581,5.476001739501953,1.7663054466247559,0.15273824334144592,,
72,99.983864,0.7329031,0.32351091504096985,1.165988802909851,-0.3502124845981598,0.9027867913246155,1.4910129308700562,-2.1095330715179443,1.2053718566894531,-1.7274060249328613,1.0,1.0,,,,,,,,,,,,,1.0,1.0,,,,,,,,,1.0,1.0,0.8535317182540894,7.331169128417969,-1.5308133363723755,-1.9880133867263794,0.8535317182540894,7.331169128417969,-1.5308133363723755,-1.9880133867263794,,
73,71.71602,0.68285906,-1.2028292417526245,1.8457509279251099,-0.7330411076545715,1.3885865211486816,0.4382907748222351,-2.6381125450134277,-0.5285176038742065,-2.983717679977417,1.0,1.0,,,,,,,,,,,,,1.0,1.0,,,,,,,,,1.0,1.0,-1.5016781091690063,7.798289775848389,0.5734589099884033,-1.4297904968261719,-1.5016781091690063,7.798289775848389,0.5734589099884033,-1.4297904968261719,,
74,119.63748,0.7361081,0.04654659330844879,3.5529425144195557,1.5287717580795288,1.5483338832855225,0.042152270674705505,-2.637962818145752,-0.36218032240867615,-3.3465821743011475,1.0,1.0,,,,,,,,,,,,,1.0,1.0,,,,,,,,,1.0,1.0,0.45563095808029175,1.993627667427063,-1.140262246131897,-3.041208028793335,0.45563095808029175,1.993627667427063,-1.140262246131897,-3.041208028793335,,
75,105.98511,0.8545255,-0.5062595009803772,2.1955721378326416,0.6937071084976196,2.5775229930877686,-0.09361572563648224,-2.944746971130371,1.4125726222991943,-2.2492284774780273,1.0,1.0,,,,,,,,,,,,,1.0,1.0,,,,,,,,,1.0,1.0,-2.1616666316986084,6.790939807891846,0.7381377816200256,-2.1078643798828125,-2.1616666316986084,6.790939807891846,0.7381377816200256,-2.1078643798828125,,
76,55.394775,0.48830307,0.08010827004909515,3.1761012077331543,-0.9654461145401001,1.5509244203567505,-1.3398220539093018,-3.232797622680664,0.9493035674095154,-2.4078209400177,1.0,1.0,,,,,,,,,,,,,1.0,1.0,,,,,,,,,1.0,1.0,1.0590782165527344,5.210131645202637,-0.3778851330280304,-2.5506749153137207,1.0590782165527344,5.210131645202637,-0.3778851330280304,-2.5506749153137207,,
77,102.6368,0.8052789,-0.002182372147217393,3.0428731441497803,0.24138076603412628,1.5827115774154663,-0.27263739705085754,-2.9903526306152344,-1.6531221866607666,-4.179760456085205,1.0,1.0,,,,,,,,,,,,,1.0,1.0,,,,,,,,,1.0,1.0,-0.10507302731275558,4.338962078094482,1.5345923900604248,-1.9347461462020874,-0.10507302731275558,4.338962078094482,1.5345923900604248,-1.9347461462020874,,
78,124.2106,0.8502061,-0.394090861082077,2.9226410388946533,-1.1521978378295898,2.824303150177002,-0.2692382335662842,-3.4681596755981445,1.2940362691879272,-2.5913352966308594,1.0,1.0,,,,,,,,,,,,,1.0,1.0,,,,,,,,,1.0,1.0,0.6369239091873169,4.3625006675720215,0.05182637646794319,-3.0782830715179443,0.6369239091873169,4.3625006675720215,0.05182637646794319,-3.0782830715179443,,
79,78.766,0.516408,0.4435511529445648,3.1128365993499756,-0.2879016101360321,1.2499765157699585,0.00449477368965745,-2.5488197803497314,-0.49946892261505127,-3.0261313915252686,1.0,1.0,,,,,,,,,,,,,1.0,1.0,,,,,,,,,1.0,1.0,0.8905234932899475,6.853694915771484,0.4862161874771118,-2.2479593753814697,0.8905234932899475,6.853694915771484,0.4862161874771118,-2.2479593753814697,,
80,91.32512,0.7267654,-0.5168246626853943,2.891113758087158,-1.2199960947036743,1.6757981777191162,-0.21659404039382935,-3.2689712047576904,-0.8512551188468933,-3.494640588760376,1.0,1.0,,,,,,,,,,,,,1.0,1.0,,,,,,,,,1.0,1.0,0.5542671084403992,3.4108896255493164,-0.010472428984940052,-2.5050582885742188,0.5542671084403992,3.4108896255493164,-0.010472428984940052,-2.5050582885742188,,
81,142.88686,0.95662874,0.3375301957130432,1.8947392702102661,1.288744568824768,1.3821375370025635,-0.5525378584861755,-3.1403348445892334,-0.7738009095191956,-3.2768213748931885,1.0,1.0,,,,,,,,,,,,,1.0,1.0,,,,,,,,,1.0,1.0,-0.6044321656227112,6.211781978607178,-0.4638504981994629,-2.304097890853882,-0.6044321656227112,6.211781978607178,-0.4638504981994629,-2.304097890853882,,
82,128.70798,0.8462181,-0.05334458127617836,2.192678928375244,1.669348955154419,1.5935051441192627,-1.2411913871765137,-3.2511231899261475,0.2822909951210022,-2.932021141052246,1.0,1.0,,,,,,,,,,,,,1.0,1.0,,,,,,,,,1.0,1.0,-0.1317637711763382,5.215810298919678,1.6131339073181152,-2.1106135845184326,-0.1317637711763382,5.215810298919678,1.6131339073181152,-2.1106135845184326,,
83,50.311348,0.4974187,-1.2636187076568604,3.3916971683502197,-0.6071180701255798,2.605926513671875,1.4174364805221558,-2.53511905670166,0.33060917258262634,-2.912372589111328,1.0,1.0,,,,,,,,,,,,,1.0,1.0,,,,,,,,,1.0,1.0,-0.5265516042709351,4.48381233215332,-0.8036917448043823,-3.053103446960449,-0.5265516042709351,4.48381233215332,-0.8036917448043823,-3.053103446960449,,
84,72.330826,0.60532457,1.2151182889938354,1.812617540359497,-0.9432393908500671,1.7220560312271118,-2.138554573059082,-4.404556751251221,0.3114655911922455,-2.5887742042541504,1.0,1.0,,,,,,,,,,,,,1.0,1.0,,,,,,,,,1.0,1.0,0.9319126009941101,5.744935512542725,0.8465518951416016,-2.4330360889434814,0.9319126009941101,5.744935512542725,0.8465518951416016,-2.4330360889434814,,
85,73.72754,0.63603544,1.061409831047058,2.62485671043396,0.2910526394844055,1.7821574211120605,0.0026408452540636063,-2.7195892333984375,0.5185158252716064,-2.5108916759490967,1.0,1.0,,,,,,,,,,,,,1.0,1.0,,,,,,,,,1.0,1.0,0.28444287180900574,-0.7437431812286377,1.0655102729797363,-0.7207617163658142,0.28444287180900574,-0.7437431812286377,1.0655102729797363,-0.7207617163658142,,
86,76.23697,0.5578277,-1.8034133911132812,2.530668258666992,-0.14765013754367828,1.9063407182693481,1.369814395904541,-2.316180467605591,0.9201031923294067,-2.505159854888916,1.0,1.0,,,,,,,,,,,,,1.0,1.0,,,,,,,,,1.0,1.0,0.13610467314720154,1.1975115537643433,0.10933121293783188,-2.7669777870178223,0.13610467314720154,1.1975115537643433,0.10933121293783188,-2.7669777870178223,,
87,53.648552,0.54848284,-0.5004640221595764,3.618098497390747,-0.861854076385498,1.24600088596344,-0.13756875693798065,-2.602923631668091,0.5680148005485535,-2.4914796352386475,1.0,1.0,,,,,,,,,,,,,1.0,1.0,,,,,,,,,1.0,1.0,1.545867681503296,2.791653633117676,0.8869443535804749,-1.8718812465667725,1.545867681503296,2.791653633117676,0.8869443535804749,-1.8718812465667725,,
88,74.02609,0.5980239,0.2000688761472702,2.4440159797668457,0.829905092716217,1.591187834739685,-0.921724796295166,-3.2263808250427246,-0.07347802072763443,-2.901665687561035,1.0,1.0,,,,,,,,,,,,,1.0,1.0,,,,,,,,,1.0,1.0,-1.779281735420227,8.179399490356445,0.29902002215385437,-1.6685351133346558,-1.779281735420227,8.179399490356445,0.29902002215385437,-1.6685351133346558,,
89,96.74122,0.75357634,-0.20323984324932098,3.6032509803771973,0.20656630396842957,2.5025205612182617,1.389705777168274,-2.710059404373169,0.3786831200122833,-3.1882543563842773,1.0,1.0,,,,,,,,,,,,,1.0,1.0,,,,,,,,,1.0,1.0,-0.720628559589386,3.8953802585601807,1.1841657161712646,-2.8439860343933105,-0.720628559589386,3.8953802585601807,1.1841657161712646,-2.8439860343933105,,
90,82.17905,0.51622766,0.2740694284439087,3.1703317165374756,0.5621792674064636,1.1227922439575195,-0.9644931554794312,-2.772153377532959,0.43528202176094055,-2.8244845867156982,1.0,1.0,,,,,,,,,,,,,1.0,1.0,,,,,,,,,1.0,1.0,-2.373753786087036,3.543362855911255,0.2752229571342468,-1.7994364500045776,-2.373753786087036,3.543362855911255,0.2752229571342468,-1.7994364500045776,,
91,115.99354,0.7294672,0.33261385560035706,2.6525235176086426,-1.5130300521850586,1.7846858501434326,-1.4743189811706543,-3.482456922531128,0.9163865447044373,-2.7871055603027344,1.0,1.0,,,,,,,,,,,,,1.0,1.0,,,,,,,,,1.0,1.0,0.5462157726287842,6.6042399406433105,-2.189373731613159,-3.519181489944458,0.5462157726287842,6.6042399406433105,-2.189373731613159,-3.519181489944458,,
92,67.06239,0.6378112,1.0039284229278564,1.6585428714752197,0.43492645025253296,2.582542657852173,-0.6837902069091797,-3.7341294288635254,-0.3139474391937256,-3.0862467288970947,1.0,1.0,,,,,,,,,,,,,1.0,1.0,,,,,,,,,1.0,1.0,-0.8844642639160156,6.908176898956299,0.3644140660762787,-1.896493911743164,-0.8844642639160156,6.908176898956299,0.3644140660762787,-1.896493911743164,,
93,111.2352,0.8517562,-0.06879260390996933,1.7044309377670288,-0.0547032505273819,1.7293468713760376,-0.002477913396432996,-2.8239738941192627,1.4658560752868652,-1.9956583976745605,1.0,1.0,,,,,,,,,,,,,1.0,1.0,,,,,,,,,1.0,1.0,1.7920441627502441,4.720586776733398,0.7330515384674072,-2.03279972076416,1.7920441627502441,4.720586776733398,0.7330515384674072,-2.03279972076416,,
94,128.67053,0.83023256,0.8338274359703064,2.5420050621032715,0.0630757063627243,2.4656732082366943,-1.3263318538665771,-4.074916839599609,-1.001875400543213,-3.8283557891845703,1.0,1.0,,,,,,,,,,,,,1.0,1.0,,,,,,,,,1.0,1.0,-0.217985600233078,5.584865093231201,0.9622395634651184,-2.1049318313598633,-0.217985600233078,5.584865093231201,0.9622395634651184,-2.1049318313598633,,
95,86.9107,0.8577587,-0.05060840770602226,2.0832395553588867,-0.5741158723831177,1.4305174350738525,-0.27954113483428955,-3.0833702087402344,-1.9862685203552246,-3.98624587059021,1.0,1.0,,,,,,,,,,,,,1.0,1.0,,,,,,,,,1.0,1.0,0.07699307799339294,3.8507518768310547,0.7670454978942871,-2.348086357116699,0.07699307799339294,3.8507518768310547,0.7670454978942871,-2.348086357116699,,
96,86.16822,0.7357299,0.07045862078666687,3.8890151977539062,0.8665156960487366,1.787002444267273,-1.9907771348953247,-4.1833882331848145,-1.8833996057510376,-4.829665660858154,1.0,1.0,,,,,,,,,,,,,1.0,1.0,,,,,,,,,1.0,1.0,-2.27595853805542,-19.018463134765625,-0.16231520473957062,-1.0381284952163696,-2.27595853805542,-19.018463134765625,-0.16231520473957062,-1.0381284952163696,,
97,55.109795,0.5271285,-0.1771007776260376,1.3781015872955322,0.5882651805877686,1.2884941101074219,-0.2761479318141937,-2.6662638187408447,0.793289065361023,-1.848954200744629,1.0,1.0,,,,,,,,,,,,,1.0,1.0,,,,,,,,,1.0,1.0,-0.35938194394111633,0.7988638877868652,0.21735075116157532,-1.1781810522079468,-0.35938194394111633,0.7988638877868652,0.21735075116157532,-1.1781810522079468,,
98,52.620983,0.6592059,-1.710540533065796,1.6292394399642944,-0.08778895437717438,1.1885117292404175,1.2184357643127441,-1.7517231702804565,1.5744860172271729,-1.5169018507003784,1.0,1.0,,,,,,,,,,,,,1.0,1.0,,,,,,,,,1.0,1.0,0.8249856233596802,3.126376152038574,1.1634869575500488,-0.3558584153652191,0.8249856233596802,3.126376152038574,1.1634869575500488,-0.3558584153652191,,
99,72.91788,0.6672299,0.017076458781957626,2.0593104362487793,-0.36146390438079834,1.9822287559509277,-0.3194088339805603,-3.084669589996338,-0.5276617407798767,-3.1260359287261963,1.0,1.0,,,,,,,,,,,,,1.0,1.0,,,,,,,,,1.0,1.0,0.6626890301704407,6.192802906036377,0.23505569994449615,-2.341642141342163,0.6626890301704407,6.192802906036377,0.23505569994449615,-2.341642141342163,,
100,107.45082,0.6766798,2.2296454906463623,0.9494587779045105,-0.5886526107788086,0.557654082775116,-0.3701012432575226,-3.703904151916504,0.8690564036369324,-2.938894033432007,1.0,1.0,,,,,,,,,,,,,1.0,1.0,,,,,,,,,1.0,1.0,-0.4570411741733551,17.265058517456055,0.5988475680351257,-1.362006664276123,-0.4570411741733551,17.265058517456055,0.5988475680351257,-1.362006664276123,,
101,63.508556,0.5968174,0.7851293087005615,1.6314247846603394,0.25252243876457214,1.3899469375610352,-1.0222065448760986,-4.092105388641357,-1.7666590213775635,-4.310157775878906,1.0,1.0,,,,,,,,,,,,,1.0,1.0,,,,,,,,,1.0,1.0,0.07190153747797012,7.613865852355957,0.1231221854686737,-2.012030839920044,0.07190153747797012,7.613865852355957,0.1231221854686737,-2.012030839920044,,
102,71.08544,0.5894755,1.9466813802719116,0.703098714351654,0.6149642467498779,-1.8110891580581665,-0.21879592537879944,-3.809800863265991,-0.26333144307136536,-2.932255268096924,1.0,1.0,,,,,,,,,,,,,1.0,1.0,,,,,,,,,1.0,1.0,0.12244654446840286,9.033474922180176,0.1238214522600174,-2.634774923324585,0.12244654446840286,9.033474922180176,0.1238214522600174,-2.634774923324585,,
103,93.353806,0.70677483,0.4286511540412903,2.2585701942443848,1.0863505601882935,2.8689045906066895,-2.378340482711792,-4.3500590324401855,0.35215944051742554,-2.714555263519287,1.0,1.0,,,,,,,,,,,,,1.0,1.0,,,,,,,,,1.0,1.0,-0.011746120639145374,5.259576320648193,-0.33889251947402954,-2.6331279277801514,-0.011746120639145374,5.259576320648193,-0.33889251947402954,-2.6331279277801514,,
104,96.59454,0.7955064,-1.253052830696106,1.6165553331375122,-0.4645581841468811,2.02608060836792,-0.03714887425303459,-3.155575752258301,-0.379511296749115,-2.8250131607055664,1.0,1.0,,,,,,,,,,,,,1.0,1.0,,,,,,,,,1.0,1.0,-0.008047777228057384,7.710773468017578,0.5584383010864258,-1.9064866304397583,-0.008047777228057384,7.710773468017578,0.5584383010864258,-1.9064866304397583,,
105,109.34575,0.9509522,-0.5045526027679443,2.039506673812866,-0.5366842746734619,2.1472737789154053,0.5031440854072571,-2.878371477127075,1.5375945568084717,-2.289525270462036,1.0,1.0,,,,,,,,,,,,,1.0,1.0,,,,,,,,,1.0,1.0,0.6474891901016235,4.761260509490967,0.3604397773742676,-2.515807867050171,0.6474891901016235,4.761260509490967,0.3604397773742676,-2.515807867050171,,
106,59.96898,0.5257142,0.36219239234924316,2.540607452392578,1.0245041847229004,1.4865679740905762,0.7281777262687683,-2.182955265045166,1.1174031496047974,-1.995848298072815,1.0,1.0,,,,,,,,,,,,,1.0,1.0,,,,,,,,,1.0,1.0,-0.9597896337509155,-5.144585609436035,-0.5016876459121704,-0.2608898878097534,-0.9597896337509155,-5.144585609436035,-0.5016876459121704,-0.2608898878097534,,
107,58.691216,0.5569152,1.1667569875717163,2.1722962856292725,-1.666795015335083,2.1075847148895264,0.6235640645027161,-2.847886800765991,0.7159225344657898,-2.4736719131469727,1.0,1.0,,,,,,,,,,,,,1.0,1.0,,,,,,,,,1.0,1.0,1.2471857070922852,6.80914831161499,-0.9279160499572754,-2.7321298122406006,1.2471857070922852,6.80914831161499,-0.9279160499572754,-2.7321298122406006,,
108,116.419655,0.78041786,-0.4376209080219269,1.9450483322143555,-0.8355454206466675,1.1387561559677124,-0.6220118999481201,-3.1094186305999756,0.729225218296051,-2.4706292152404785,1.0,1.0,,,,,,,,,,,,,1.0,1.0,,,,,,,,,1.0,1.0,-3.0143043994903564,4.49623966217041,0.00454353541135788,-2.3257105350494385,-3.0143043994903564,4.49623966217041,0.00454353541135788,-2.3257105350494385,,
109,83.776344,0.64063555,0.04446973279118538,1.989877700805664,0.13468220829963684,1.3092728853225708,-0.7945933938026428,-3.339003562927246,0.18987399339675903,-2.857102870941162,1.0,1.0,,,,,,,,,,,,,1.0,1.0,,,,,,,,,1.0,1.0,-0.8689587712287903,7.191548824310303,-0.8500440716743469,-2.2454895973205566,-0.8689587712287903,7.191548824310303,-0.8500440716743469,-2.2454895973205566,,
110,56.539913,0.58034253,-0.5919860601425171,1.5342485904693604,0.9485546350479126,1.6771482229232788,0.18041321635246277,-2.6063079833984375,0.017923379316926003,-2.3105759620666504,1.0,1.0,,,,,,,,,,,,,1.0,1.0,,,,,,,,,1.0,1.0,1.2404320240020752,7.050983905792236,-0.12191396951675415,-2.0243775844573975,1.2404320240020752,7.050983905792236,-0.12191396951675415,-2.0243775844573975,,
111,133.33028,0.9713439,-1.5837929248809814,2.6350059509277344,0.2232549488544464,2.5074496269226074,0.3649829030036926,-3.0902252197265625,-1.050339937210083,-3.67582631111145,1.0,1.0,,,,,,,,,,,,,1.0,1.0,,,,,,,,,1.0,1.0,-0.7497633695602417,4.298731327056885,0.5726163983345032,-2.667374610900879,-0.7497633695602417,4.298731327056885,0.5726163983345032,-2.667374610900879,,
112,125.733696,0.84215784,1.8694905042648315,2.182736396789551,-0.017953665927052498,1.6238034963607788,-0.011837728321552277,-2.556481122970581,0.8398032188415527,-2.2681429386138916,1.0,1.0,,,,,,,,,,,,,1.0,1.0,,,,,,,,,1.0,1.0,-0.34559282660484314,4.909364223480225,-1.5866502523422241,-2.5385608673095703,-0.34559282660484314,4.909364223480225,-1.5866502523422241,-2.5385608673095703,,
